{
    "Ravenclaw": {
        "target": "Ravenclaw",
        "theta": {
            "bias": -2.581047094371975,
            "Arithmancy": 0.34935545266291274,
            "Astronomy": -0.8551673382723124,
            "Herbology": 0.5900465580313938,
            "Defense Against the Dark Arts": 0.8339766805474367,
            "Divination": 0.4251072402371053,
            "Muggle Studies": 1.4139211695846374,
            "Ancient Runes": 0.37096145936831815,
            "History of Magic": -0.14788175746026883,
            "Transfiguration": -0.05474459458756687,
            "Potions": 0.22862649937037263,
            "Care of Magical Creatures": 0.06855845184106713,
            "Charms": 1.262466643226313,
            "Flying": 0.5045884119649471
        }
    },
    "Slytherin": {
        "target": "Slytherin",
        "theta": {
            "bias": -3.5744763911009034,
            "Arithmancy": -0.04732889263579985,
            "Astronomy": -0.7717121622627917,
            "Herbology": -0.5890842871270072,
            "Defense Against the Dark Arts": 0.7879266055050458,
            "Divination": -1.827747394525013,
            "Muggle Studies": -0.49930458077317597,
            "Ancient Runes": -0.28625455982302733,
            "History of Magic": 0.10639094460344882,
            "Transfiguration": 0.39901831985726605,
            "Potions": 0.3192491380463123,
            "Care of Magical Creatures": -0.053187573428944236,
            "Charms": -0.7518464714237088,
            "Flying": -0.9357453037905917
        }
    },
    "Gryffindor": {
        "target": "Gryffindor",
        "theta": {
            "bias": -3.37592657553119,
            "Arithmancy": -0.39722556687809296,
            "Astronomy": 0.11001010201117185,
            "Herbology": -1.6146692401183977,
            "Defense Against the Dark Arts": -0.11194819673929098,
            "Divination": 1.0768432125825809,
            "Muggle Studies": 0.29592853598077323,
            "Ancient Runes": 0.408459018040866,
            "History of Magic": -0.9098401246467156,
            "Transfiguration": -0.0971518573268801,
            "Potions": -0.03796012351973809,
            "Care of Magical Creatures": -0.010368771954849088,
            "Charms": -0.41119677487248946,
            "Flying": 1.6552709784464434
        }
    },
    "Hufflepuff": {
        "target": "Hufflepuff",
        "theta": {
            "bias": -2.291517387929232,
            "Arithmancy": -0.010078566832269402,
            "Astronomy": 1.4759646575508023,
            "Herbology": 1.954813392002743,
            "Defense Against the Dark Arts": -1.5818739684866259,
            "Divination": 0.1907254470281512,
            "Muggle Studies": -1.6092451953018472,
            "Ancient Runes": -0.4628745029131416,
            "History of Magic": 1.1568371912300792,
            "Transfiguration": -0.27828427641029674,
            "Potions": -0.5968079892133035,
            "Care of Magical Creatures": 0.017763637011042038,
            "Charms": -0.12522339162432453,
            "Flying": -1.4611661240345486
        }
    }
}