{
    "Ravenclaw": {
        "target": "Ravenclaw",
        "theta": {
            "bias": -0.9642125452564145,
            "Arithmancy": 0.05059267022958177,
            "Astronomy": -0.5183560900552989,
            "Herbology": 0.36284894355025643,
            "Defense Against the Dark Arts": 0.5216603119773319,
            "Divination": 0.3419395512911281,
            "Muggle Studies": 0.8925022331547261,
            "Ancient Runes": 0.5558040326613068,
            "History of Magic": 0.04134096566263274,
            "Transfiguration": -0.004176610535103917,
            "Potions": 0.0655181485730126,
            "Care of Magical Creatures": 0.018597739018420635,
            "Charms": 0.7880970654804835,
            "Flying": 0.05003965875188477
        }
    },
    "Slytherin": {
        "target": "Slytherin",
        "theta": {
            "bias": -1.3612318824519551,
            "Arithmancy": -0.016838556620122177,
            "Astronomy": -0.41851968458088423,
            "Herbology": -0.5451960456856111,
            "Defense Against the Dark Arts": 0.41921482587449194,
            "Divination": -0.9001380900838613,
            "Muggle Studies": -0.2985204629119034,
            "Ancient Runes": -0.2785620941858449,
            "History of Magic": 0.09889621554534363,
            "Transfiguration": 0.031013673787762017,
            "Potions": 0.37050751943567944,
            "Care of Magical Creatures": -0.007581369094022865,
            "Charms": -0.4213016598127988,
            "Flying": -0.3694499705327317
        }
    },
    "Gryffindor": {
        "target": "Gryffindor",
        "theta": {
            "bias": -1.2818244891764334,
            "Arithmancy": -0.0705865123382315,
            "Astronomy": 0.15067715588930572,
            "Herbology": -0.6515714953193654,
            "Defense Against the Dark Arts": -0.14808371135631468,
            "Divination": 0.1924818916371175,
            "Muggle Studies": -0.03639616618704271,
            "Ancient Runes": 0.4809284911365266,
            "History of Magic": -0.7305778367883321,
            "Transfiguration": -0.1348478930528718,
            "Potions": -0.2353960975252008,
            "Care of Magical Creatures": -0.038078774136909514,
            "Charms": -0.347893943718077,
            "Flying": 0.777844137490711
        }
    },
    "Hufflepuff": {
        "target": "Hufflepuff",
        "theta": {
            "bias": -0.7710850897453712,
            "Arithmancy": 0.06085009397642664,
            "Astronomy": 0.7637955045186791,
            "Herbology": 0.8169807298550326,
            "Defense Against the Dark Arts": -0.7708071909600667,
            "Divination": 0.3374369529037562,
            "Muggle Studies": -0.5464072403543052,
            "Ancient Runes": -0.6273372531818286,
            "History of Magic": 0.601986304639626,
            "Transfiguration": 0.1273981102637744,
            "Potions": -0.18414450310716488,
            "Care of Magical Creatures": 0.02587902522366393,
            "Charms": -0.02889907922854992,
            "Flying": -0.4875788265686433
        }
    }
}