{
    "Ravenclaw": {
        "target": "Ravenclaw",
        "theta": {
            "bias": -0.9642125452564144,
            "Arithmancy": 0.0505926702295818,
            "Astronomy": -0.5183560900552984,
            "Herbology": 0.3628489435502564,
            "Defense Against the Dark Arts": 0.5216603119773316,
            "Divination": 0.3419395512911276,
            "Muggle Studies": 0.892502233154727,
            "Ancient Runes": 0.5558040326613068,
            "History of Magic": 0.04134096566263282,
            "Transfiguration": -0.0041766105351038925,
            "Potions": 0.06551814857301264,
            "Care of Magical Creatures": 0.018597739018420625,
            "Charms": 0.7880970654804831,
            "Flying": 0.0500396587518846
        }
    },
    "Slytherin": {
        "target": "Slytherin",
        "theta": {
            "bias": -1.3612318824519551,
            "Arithmancy": -0.01683855662012216,
            "Astronomy": -0.4185196845808843,
            "Herbology": -0.5451960456856112,
            "Defense Against the Dark Arts": 0.41921482587449216,
            "Divination": -0.9001380900838611,
            "Muggle Studies": -0.2985204629119035,
            "Ancient Runes": -0.27856209418584477,
            "History of Magic": 0.09889621554534367,
            "Transfiguration": 0.03101367378776203,
            "Potions": 0.3705075194356795,
            "Care of Magical Creatures": -0.0075813690940228565,
            "Charms": -0.4213016598127987,
            "Flying": -0.36944997053273165
        }
    },
    "Gryffindor": {
        "target": "Gryffindor",
        "theta": {
            "bias": -1.2818244891764337,
            "Arithmancy": -0.07058651233823154,
            "Astronomy": 0.15067715588930577,
            "Herbology": -0.6515714953193654,
            "Defense Against the Dark Arts": -0.1480837113563148,
            "Divination": 0.19248189163711757,
            "Muggle Studies": -0.03639616618704283,
            "Ancient Runes": 0.48092849113652664,
            "History of Magic": -0.7305778367883321,
            "Transfiguration": -0.1348478930528717,
            "Potions": -0.23539609752520083,
            "Care of Magical Creatures": -0.038078774136909486,
            "Charms": -0.3478939437180771,
            "Flying": 0.7778441374907107
        }
    },
    "Hufflepuff": {
        "target": "Hufflepuff",
        "theta": {
            "bias": -0.7710850897453713,
            "Arithmancy": 0.060850093976426656,
            "Astronomy": 0.7637955045186788,
            "Herbology": 0.8169807298550328,
            "Defense Against the Dark Arts": -0.7708071909600666,
            "Divination": 0.3374369529037563,
            "Muggle Studies": -0.5464072403543052,
            "Ancient Runes": -0.6273372531818284,
            "History of Magic": 0.6019863046396261,
            "Transfiguration": 0.12739811026377432,
            "Potions": -0.18414450310716496,
            "Care of Magical Creatures": 0.025879025223663924,
            "Charms": -0.02889907922854981,
            "Flying": -0.48757882656864293
        }
    }
}